Id,Indice Satisfaccion
0,0.13184762052285204
1,0.1106949840191459
2,0.722527405813255
3,0.6682598420040259
4,0.7533460659487143
5,0.09859032925133338
6,0.36869927833860994
7,0.28756938096915297
8,0.3448618927336483
9,0.5703881249602404
10,0.4398721601435205
11,0.44778587107446466
12,0.7483161259494359
13,0.3530965465851301
14,0.03206522132989942
15,0.5210941667700775
16,0.7904974755812789
17,0.9402387616734968
18,0.6308896780036872
19,0.7766327845415273
20,0.47620354963625455
21,0.8343677400845154
22,0.8039918266860174
23,0.2827401270194615
24,0.460840118126457
25,0.6057634468756108
26,0.07161659939140386
27,0.5592257170395003
28,0.0035948133310995667
29,0.2121482945822425
30,0.98871210152564
31,0.5180702096722104
32,0.974482939940312
33,0.16183811380910507
34,0.44205507227871865
35,0.01445923408770211
36,0.26932462656656886
37,0.5463633282437067
38,0.7686055401408092
39,0.3170476251268509
40,0.8174385076683719
41,0.56854758817327
42,0.004349917909127754
43,0.4341846194330813
44,0.009395346862647425
45,0.33541938338062993
46,0.7524429857176737
47,0.1514112302157261
48,0.11268463222871117
49,0.890218240976125
50,0.491049645654265
51,0.9633920266243408
52,0.1589486255554251
53,0.4543935201857847
54,0.4066294887254349
55,0.25816967135176483
56,0.6378628030886613
57,0.27805772639225124
58,0.764851656816417
59,0.6521175483654149
60,0.43989813345830653
61,0.3101638126115074
62,0.6345293739543866
63,0.7863843137507743
64,0.507589888516365
65,0.014110192695004908
66,0.6568283648971963
67,0.45224298145967134
68,0.549089257755039
69,0.12348930012034631
70,0.47406662278028666
71,0.6643236938280807
72,0.4849799067534154
73,0.5171475838070708
74,0.8596280661278208
75,0.7893707604404686
76,0.5992684047216615
77,0.9522870602047321
78,0.703899625637997
79,0.8817607046212984
80,0.6226824201911811
81,0.7635341827547953
82,0.13022280035417844
83,0.31283660375041655
84,0.11753090271742483
85,0.5263722672984722
86,0.8397719332077851
87,0.5774735022660848
88,0.24282155367050418
89,0.5439700971747357
90,0.5288823051225249
91,0.03862740402166842
92,0.9797477565442199
93,0.11517830491480541
94,0.924121867961077
95,0.8830889111170609
96,0.18831957331887306
97,0.31671227211554687
98,0.6883562917371802
99,0.013774928335052339
100,0.1406665742243034
101,0.21674955176945687
102,0.8695627950232736
103,0.116861018546348
104,0.03696148070239891
105,0.07374862064547849
106,0.7074924681560281
107,0.31747304265907084
108,0.6088587129995259
109,0.19241811509146955
110,0.13029720457823402
111,0.581080665460478
112,0.48728781882634054
113,0.4740379697410074
114,0.37024495073473807
115,0.18446289439561647
116,0.8950845127937399
117,0.39272565350719324
118,0.11773755485190707
119,0.9180659393580328
120,0.047465882156214834
121,0.0181032449083397
122,0.5984814808670988
123,0.7345390672254899
124,0.25082448028063387
125,0.6199841304146433
126,0.6219758055632625
127,0.5493722509356818
128,0.4156068106133396
129,0.7504862007015419
130,0.24972410977007864
131,0.6650146415626029
132,0.0009724509201879394
133,0.8148215912349881
134,0.8520857185172324
135,0.8423672803675563
136,0.8851019031381668
137,0.7211307315596092
138,0.5625393649484994
139,0.6868681518395544
140,0.6165595428081515
141,0.322766515522938
142,0.48699569387902164
143,0.08970215192368591
144,0.6494705366928121
145,0.516494114422376
146,0.2200541747615672
147,0.46625891538309083
148,0.5256379431170404
149,0.6596301178590254
150,0.38517568088599974
151,0.21603835091266177
152,0.7328242794160558
153,0.8955155581796689
154,0.46195641805044496
155,0.2384235579103926
156,0.5852245257604561
157,0.5267955292210306
158,0.7634810168008294
159,0.5683871038904019
160,0.23916355481801255
161,0.5839371134085195
162,0.5696719950541815
163,0.03983629282143275
164,0.32702268581667426
165,0.5945369487464016
166,0.6780555856300415
167,0.4955486300448547
168,0.763123857000914
169,0.1239039887109149
170,0.8609876304891081
171,0.7184803029649143
172,0.4149188238794689
173,0.31615744194763296
174,0.8623348461844449
175,0.9856434857572024
176,0.089734772296714
177,0.8553918879613435
178,0.14301437169120645
179,0.30580037499681023
180,0.46804682078697024
181,0.2535076772029541
182,0.8980491464520659
183,0.036320577596739345
184,0.35747140224679097
185,0.7943967673032996
186,0.8690170639808945
187,0.7519154744245035
188,0.028561681621435353
189,0.34284117757508736
190,0.6302844196596321
191,0.6621692516396911
192,0.6126361007225712
193,0.48059599667832886
194,0.5117671688029924
195,0.31463622415340653
196,0.06056668161971068
197,0.6516365078294657
198,0.8553767587621689
199,0.910676263100253
200,0.6199970172052071
201,0.7456885553814722
202,0.5050981946789923
203,0.5183961904327843
204,0.6827918089319591
205,0.6808253119662209
206,0.886605795940366
207,0.23597398069983033
208,0.0046653061905531645
209,0.2221301658135273
210,0.8514830525505451
211,0.6292281577079163
212,0.8512314202643698
213,0.14967082073610005
214,0.8848708565552533
215,0.9201687230126031
216,0.774684174731505
217,0.689163294650241
218,0.10892780431848714
219,0.2031039472266839
220,0.07770160531913362
221,0.6052797495687245
222,0.21073146075950866
223,0.4609820302075033
224,0.49103225399760553
225,0.511099180867585
226,0.8496901566017795
227,0.38485845072916336
228,0.5507529154462032
229,0.8484368321825306
230,0.6393148563915659
231,0.8554539593386044
232,0.5641401535938856
233,0.7865390145501369
234,0.6883177560382714
235,0.5663669230899865
236,0.851970415860487
237,0.5454999758108808
238,0.7333858584892291
239,0.36727056863768615
240,0.9271991416577398
241,0.04206208345302487
242,0.11681075822436882
243,0.3626078472030668
244,0.2699730408696267
245,0.48581039211286214
246,0.9261479393336877
247,0.25616538334840444
248,0.03149544090698453
249,0.08045378727321373
250,0.7226205263074466
251,0.7507024242589192
252,0.49663922742242606
253,0.53485789834984
254,0.019655510237421625
255,0.11253121404987576
256,0.10495234272177267
257,0.7601222663833634
258,0.3723085071944172
259,0.5701916271236012
260,0.6341506926728863
261,0.036270544864257626
262,0.51410948710345
263,0.2070429450382787
264,0.32154724677414537
265,0.8547658157070642
266,0.2777415678365498
267,0.24565693247069442
268,0.09402298652214336
269,0.29704449479526585
270,0.3512788987705817
271,0.7401962698235521
272,0.874538224431881
273,0.7646368045235797
274,0.1675556218416291
275,0.0034897113258383072
276,0.5140518613445144
277,0.8868161023324044
278,0.1947017870392389
279,0.12976836099783062
280,0.9116670721472339
281,0.3089029071466931
282,0.6745205474223472
283,0.07647025811011665
284,0.2530089129773365
285,0.06981143406401169
286,0.5092335091191923
287,0.49128472317899097
288,0.25725303741766026
289,0.15603097381071573
290,0.16380668042183633
291,0.866951158546459
292,0.6620277822097813
293,0.7501647107389718
294,0.9277335008092227
295,0.46762307464034203
296,0.8226440240457544
297,0.6700483818385466
298,0.2656714274822791
299,0.0003501276673950615
300,0.46426241701242366
301,0.2050555667733357
302,0.2841895643039678
303,0.2962408838018169
304,0.50236974701343
305,0.3055793765137732
306,0.8687891060341423
307,0.38711559640204796
308,0.7620893545641891
309,0.4911955926147352
310,0.23556620450338273
311,0.5571395101630164
312,0.24968928400134582
313,0.9073691597800274
314,0.7601046359845527
315,0.5404619825078315
316,0.6544683619265099
317,0.44045417235053796
318,0.6815285459358656
319,0.11639949142861461
320,0.3895429806394177
321,0.2213782267486959
322,0.40236651638113974
323,0.3331869752770593
324,0.9239374126753837
325,0.5937299271892451
326,0.9530508510139024
327,0.1375575227612148
328,0.8042288691640962
329,0.13794828005924298
330,0.9944476607642438
331,0.9335844710070439
332,0.694695979451827
333,0.950314595872213
334,0.4240148003419112
335,0.8855402968247214
336,0.08978057474286993
337,0.8797121529698214
338,0.3227205814693651
339,0.6615749125683515
340,0.9045825567049255
341,0.056346240860833174
342,0.07775511231966548
343,0.5489245121019587
344,0.48708765775395557
345,0.16406992609786697
346,0.7757420510674564
347,0.7054386094691082
348,0.20396874646612662
349,0.40174639754641195
350,0.2713478067136139
351,0.6461055986769423
352,0.14558714285440888
353,0.13886429489343277
354,0.6803592363306599
355,0.15002995287646348
356,0.9081899552828495
357,0.2838660299845618
358,0.9733458045234058
359,0.9107388035146426
360,0.41229483346953755
361,0.18802908804259244
362,0.39205686010491814
363,0.8171372159510617
364,0.04244145767835572
365,0.180335847477755
366,0.9018172187221399
367,0.44215700994043516
368,0.5214482304494312
369,0.6793833262880843
370,0.18414715065484788
371,0.6911532252215452
372,0.23037818700830381
373,0.11138636572671823
374,0.1936284430404055
375,0.6260876779327124
376,0.18142472315810265
377,0.8289582563137031
378,0.000766013940161292
379,0.03880963515413194
380,0.11441597335278575
381,0.07899096678660178
382,0.21718920766310934
383,0.42157622539243633
384,0.6039792355394563
385,0.5240528037149909
386,0.6025246359707259
387,0.14401115782477825
388,0.6559010386556045
389,0.09192089469104081
390,0.7285911615448699
391,0.6222467854908177
392,0.3602174624162755
393,0.5562870320445651
394,0.3536759816929541
395,0.24187470250455045
396,0.8965017203253856
397,0.46638691958727885
398,0.1946346014487912
399,0.6142337888132863
400,0.8446591050672301
401,0.929729034309778
402,0.1909632620684154
403,0.4835193725592992
404,0.7441330781237787
405,0.663174745400571
406,0.19515308735213877
407,0.40303514155184594
408,0.3419068115082251
409,0.5134068300105792
410,0.3945924564817742
411,0.9019602400769176
412,0.7287686099363253
413,0.5515865010209426
414,0.5084395936002699
415,0.6038865975207894
416,0.1603926636586379
417,0.7486870899505887
418,0.25673450069793957
419,0.17467212753784167
420,0.45196217657726
421,0.38625393766847294
422,0.9858736770490718
423,0.7798987878957242
424,0.80968879171834
425,0.9594615822237949
426,0.38056444648655907
427,0.9807496538068472
428,0.18033329985172575
429,0.09190003442590289
430,0.0028683363300963105
431,0.9699114387873135
432,0.05929238804922521
433,0.9873820986300142
434,0.43764880326252154
435,0.5991425703915008
436,0.7576206552184998
437,0.5769231789474378
438,0.8225122852728859
439,0.6727565701044258
440,0.5877114458660757
441,0.1425242631325071
442,0.9440159480124801
443,0.5570523976052072
444,0.3829607257305121
445,0.8223181490511107
446,0.009971317217765896
447,0.9682211110860288
448,0.05878501974575667
449,0.6634762838604549
450,0.4073763005902059
451,0.41308307881741324
452,0.2051127214060553
453,0.21361209859633212
454,0.6897702749657476
455,0.5567205234848579
456,0.8976008514621027
457,0.15033962492082065
458,0.45772229421974153
459,0.366523870367115
460,0.8373867804393141
461,0.19537823977719204
462,0.2633278688552426
463,0.3804407941575506
464,0.4633139025986881
465,0.5632792302674006
466,0.8513717376306346
467,0.7713818490750621
468,0.8200519884118062
469,0.7668921952961241
470,0.8576557193464658
471,0.20641849040733284
472,0.8290021358685957
473,0.7758777416514974
474,0.455227727724391
475,0.41395648178352895
476,0.17710683354359436
477,0.47214586400104985
478,0.9585182206566049
479,0.9783502703983437
480,0.4517012254208431
481,0.6836877002180687
482,0.09532935287656008
483,0.979981915152021
484,0.30813365770312917
485,0.03779937354578522
486,0.013230246275214519
487,0.2962912470412913
488,0.6069148326697568
489,0.9136048816657628
490,0.0952510492901848
491,0.9331792638108246
492,0.8928288893355323
493,0.9124255269106812
494,0.06726083459251309
495,0.934967801492128
496,0.9038681019758992
497,0.15948086133834105
498,0.9309345804489731
499,0.8017312562071943
500,0.8923715597722253
501,0.5759165420298885
502,0.87402994228226
503,0.5603532063340337
504,0.9786446340239436
505,0.008450377289525135
506,0.49808427135387723
507,0.7010087520146366
508,0.06175121111448867
509,0.7783001758365253
510,0.562375386854207
511,0.3455549086172155
512,0.110466315922647
513,0.719752713965002
514,0.9390006167539257
515,0.30624268111119146
516,0.7001922832319712
517,0.15196175403251178
518,0.049182157027867435
519,0.7913546772612937
520,0.8112231823191823
521,0.550757792619736
522,0.5903043839580273
523,0.44301083032524224
524,0.8047431449871665
525,0.9087804640682474
526,0.41715740251227174
527,0.2837055888660429
528,0.28199262130983893
529,0.13455219540271124
530,0.7106309827616443
531,0.30201380531188704
532,0.093212176558371
533,0.5044104798653328
534,0.9105287449186797
535,0.1879978997946281
536,0.4119879564796649
537,0.07195179630900628
538,0.7205730061804353
539,0.32474729252577295
540,0.3391687487792652
541,0.5970082968069337
542,0.5767803727908196
543,0.5502308109680576
544,0.19026310984718553
545,0.9446719629016436
546,0.37317778383094635
547,0.19476607823800696
548,0.343095825555943
549,0.3215025654110448
550,0.6389973956874605
551,0.6092899219763787
552,0.3881269878591649
553,0.8214592625537283
554,0.399040032684868
555,0.19180711622402447
556,0.33961547741239495
557,0.06200709221037437
558,0.928789235716884
559,0.007365554480784131
560,0.28052152478648806
561,0.018344777233263998
562,0.217422304143307
563,0.3537141909250797
564,0.855382683629522
565,0.567439814880898
566,0.13295295967606147
567,0.2894647230088936
568,0.5714345875363565
569,0.5533892989530605
570,0.0014010352637406909
571,0.6859582399499966
572,0.1004970177755079
573,0.47997191524050475
574,0.36130699653365894
575,0.408692288989834
576,0.7962638981547856
577,0.020371435921462733
578,0.9651439717458359
579,0.94572297900961
580,0.825946104138103
581,0.6947546487682285
582,0.22303214464529886
583,0.8380917351188192
584,0.13752606952292945
585,0.3028816765187151
586,0.7727377159302711
587,0.3184305198035574
588,0.6802570615930938
589,0.11003156402789616
590,0.3514152783019526
591,0.6746540943595043
592,0.4357471571974423
593,0.09073565482146506
594,0.7906155754415208
595,0.39541266107320583
596,0.7537875162854389
597,0.7753387828001165
598,0.4931131370058651
599,0.5317401209591778
600,0.48330502721008295
601,0.30913683495550615
602,0.24990632877679042
603,0.31059722077767193
604,0.43858462193838366
605,0.00899494940295087
606,0.1780739590238105
607,0.6843351053241506
608,0.5774741810275619
609,0.42103342512803055
610,0.513634665372365
611,0.4745990786907245
612,0.8953081363366638
613,0.0968900279847753
614,0.6576698798282045
615,0.9290656803024512
616,0.5338411547657426
617,0.7803462776337599
618,0.18191933209075994
619,0.5375377020254587
620,0.40596139666657627
621,0.04802145818938419
622,0.43829564223583817
623,0.4952808178436755
624,0.8495940206433787
625,0.7932673384726697
626,0.5038666664112063
627,0.681127041658443
628,0.5058193692989151
629,0.007907416960220903
630,0.5982564142135495
631,0.813208160495001
632,0.8454076231946481
633,0.6235106931696973
634,0.90624566681363
635,0.5765364687814186
636,0.6939747330358573
637,0.3104914540155609
638,0.43259708733689883
639,0.11220547021572447
640,0.8111536769437756
641,0.7094449145898228
642,0.3114301928944515
643,0.4231548750208384
644,0.18707358665839224
645,0.5648938048530223
646,0.38596612287990484
647,0.43947096111483397
648,0.9565847613554217
649,0.6836646357705967
650,0.5659668936389912
651,0.5553158458891801
652,0.3311750620926124
653,0.4511356450281073
654,0.27889647706029386
655,0.89957062533329
656,0.1360028421418199
657,0.738051061837757
658,0.8058880937775043
659,0.7311584091773695
660,0.6640704967862622
661,0.6534419147653809
662,0.17593930396487378
663,0.29687748373143497
664,0.8793249529100088
665,0.4245238755423232
666,0.04255326889605027
667,0.14543274304256681
668,0.4426650311128896
669,0.5855529939677415
670,0.7537019031275223
671,0.7298657666938612
672,0.2586602473658369
673,0.8458599241679429
674,0.09186684882153717
675,0.5898834848864966
676,0.311628384156724
677,0.946858056557368
678,0.07430747794254244
679,0.34024801167484386
680,0.23971033692963217
681,0.3967322780106034
682,0.968299275656298
683,0.8318274657618706
684,0.00031701618379309515
685,0.7038806565116065
686,0.06000949515043952
687,0.9033118931957459
688,0.27198640914532846
689,0.2842769496169786
690,0.71707886971123
691,0.511174073527338
692,0.13016293293458325
693,0.2112707401068432
694,0.8950592392214751
695,0.3448665928773741
696,0.5207542209359178
697,0.08624325653303822
698,0.6918400155279641
699,0.5208358944371965
700,0.7836290093342723
701,0.129691583240367
702,0.484017995308766
703,0.315109486520729
704,0.27902523329676066
705,0.6977448585547232
706,0.26419543065799056
707,0.056016333757354486
708,0.9987508746468305
709,0.8522213199638358
710,0.818714848422375
711,0.6682713844351995
712,0.15230368581432518
713,0.5442172741195261
714,0.7942479048768659
715,0.14576909579942077
716,0.7291540980650093
717,0.5229567427459878
718,0.4469026257299036
719,0.6417101100445769
720,0.12842198310951025
721,0.35524922104059686
722,0.7947800632208109
723,0.24340664811868784
724,0.8881443257996494
725,0.06710382852047903
726,0.3700066105886166
727,0.48014972264495215
728,0.08209824573067948
729,0.7624302819743245
730,0.7667453761932654
731,0.06124551398077227
732,0.2801709581133828
733,0.34895575883263286
734,0.5726467540995189
735,0.08511372567547393
736,0.19547209370654772
737,0.507348896734471
738,0.5189453428906398
739,0.8200403258205282
740,0.35531878742555667
741,0.9416360709199815
742,0.18898654237458812
743,0.6236610399776744
744,0.7619064114087882
745,0.01380081009600187
746,0.3415862036552111
747,0.7634736776187164
748,0.279972665836954
749,0.8526968973557943
750,0.45900517398059926
751,0.271027942261026
752,0.7331235179674485
753,0.11748322916219356
754,0.033179220549328314
755,0.05806425567596263
756,0.6103583060141696
757,0.7944173905681874
758,0.9105640515598276
759,0.03458454066838679
760,0.13768986732417143
761,0.7623063550483274
762,0.7596051842612414
763,0.3664800378299671
764,0.1959356123352175
765,0.4332031212133284
766,0.6470176909224036
767,0.3317786521456918
768,0.06135560267801976
769,0.695647605497321
770,0.7733079673251813
771,0.1832664625059529
772,0.5971406848973209
773,0.45716376370443734
774,0.08839404140175655
775,0.5506594628900051
776,0.6457974006873668
777,0.9454678375789488
778,0.14055407172315149
779,0.34127903746058186
780,0.04488857634236265
781,0.9474186398345498
782,0.8555039885346593
783,0.698952100342132
784,0.05984244893967283
785,0.048508060729353764
786,0.15532478424953633
787,0.34444305932026686
788,0.39976684292463405
789,0.3127536847946941
790,0.5965678186051401
791,0.21018491397431538
792,0.36815368397853687
793,0.21497883630556358
794,0.7000692419701479
795,0.19330113002534755
796,0.5488854021302829
797,0.42776374784970217
798,0.8009970291783041
799,0.4517838903322092
800,0.5550177485427714
801,0.03487214529109883
802,0.41164376787200874
803,0.5347613891937789
804,0.20144149308145287
805,0.4988628297476385
806,0.48877416376289984
807,0.16566604487264314
808,0.08291916766720608
809,0.27257222694659444
810,0.6378796060699374
811,0.977118623165772
812,0.7261940177279278
813,0.3523612766303865
814,0.5334315334870774
815,0.3407452036567056
816,0.3608328042484521
817,0.9439418282067763
818,0.3705360510141821
819,0.8979079471204211
820,0.21494383432799968
821,0.09271327662635942
822,0.14160680677086257
823,0.9210647546432587
824,0.319380851010032
825,0.5625425031043477
826,0.6719464630758545
827,0.7858672734324099
828,0.6948282874499909
829,0.29994080121123856
830,0.6746104377989951
831,0.1662820101237883
832,0.01890288823718722
833,0.1184218904688934
834,0.45018979328827025
835,0.6622358144631268
836,0.5986181100304178
837,0.2352714687592209
838,0.674364204954638
839,0.31426480834077264
840,0.716884503554448
841,0.7574685591423127
842,0.06618041968746746
843,0.8048212869691186
844,0.3395166101342816
845,0.5121951548106799
846,0.03392548207899315
847,0.8982881038789285
848,0.6923376983507333
849,0.9033015832717283
850,0.06369339428777554
851,0.8903221155846647
852,0.638242178673241
853,0.6203793303896122
854,0.29733561940056474
855,0.6557304693393039
856,0.6166784687487251
857,0.8779627746048089
858,0.6848563506654971
859,0.3251446186699348
860,0.3882088180447134
861,0.8685666600665207
862,0.6081109091516613
863,0.10258255393300153
864,0.14272901231592672
865,0.5584155619340868
866,0.31414442283449107
867,0.8491765465482188
868,0.9100744451898287
869,0.527126601876038
870,0.339964573886372
871,0.051965104796207084
872,0.2935625140404182
873,0.060597770027762454
874,0.8016977689477954
875,0.8784107805617496
876,0.9397428205579005
877,0.5516110795931155
878,0.0617441446312631
879,0.5162217741638614
880,0.7171611027138293
881,0.18248644738826425
882,0.47016816398395767
883,0.2840109788731433
884,0.8728204426942131
885,0.5996490769082907
886,0.21459170137546923
887,0.06868820055450531
888,0.1426501583508134
889,0.6142879708124352
890,0.28742841914649286
891,0.34172689373997334
892,0.19616458451498375
893,0.4848880630170622
894,0.19981649640099164
895,0.1462763708299093
896,0.3375280359262546
897,0.7622600279722819
898,0.6873365597053632
899,0.3615628133725439
900,0.1348172881396218
901,0.8221177274603083
902,0.8555389627528827
903,0.7816283712603092
904,0.9493312326315542
905,0.31070493591249515
906,0.5311835653153703
907,0.3810033555917909
908,0.34425619080900505
909,0.5088804420081023
910,0.06371986664225526
911,0.15738393972401377
912,0.7483285609480618
913,0.2636391788586079
914,0.6159414177860074
915,0.6235656135006821
916,0.47330750588293324
917,0.4095871340053314
918,0.7309341441818006
919,0.8754593881017961
920,0.8579059957893862
921,0.8035405827513783
922,0.44429523942922333
923,0.23966552567450083
924,0.4245786543140584
925,0.9083825182370039
926,0.5647067900828338
927,0.23955545663684896
928,0.9060521331798768
929,0.3432229975977922
930,0.498654637890786
931,0.7729733921967867
932,0.9129683462272595
933,0.8570476274306474
934,0.3278151484337829
935,0.5614320929616943
936,0.19740074728332613
937,0.22382190400334978
938,0.8180943836702278
939,0.6596407760837214
940,0.17351276542017868
941,0.14441310216004977
942,0.0009129946396478905
943,0.059431988031516614
944,0.4928716494336517
945,0.45979121741149787
946,0.007535897068550734
947,0.9859146906467025
948,0.9024241750317975
949,0.7757438500271027
950,0.07242241601992361
951,0.8852315369478675
952,0.2040337606042768
953,0.4967285079010546
954,0.9024910475369806
955,0.9922438853123886
956,0.627755433240052
957,0.23551686809143935
958,0.18540881062197523
959,0.33006118872082935
960,0.0023928386182816563
961,0.6454142018405165
962,0.3314817039201089
963,0.6360306562617329
964,0.21794921088690955
965,0.2719398124994241
966,0.25840049983292745
967,0.10654133766571716
968,0.6188785630008666
969,0.9242301709837581
970,0.11223529253067888
971,0.35649802823968013
972,0.08977187249103324
973,0.7044768201032543
974,0.02786881744117553
975,0.9927621066675039
976,0.372842746330698
977,0.47916104557818984
978,0.5830029240118754
979,0.6251290846393935
980,0.12488069896484733
981,0.6046987146481082
982,0.07213373299957804
983,0.15354267498858487
984,0.10802011880793816
985,0.16363458171105183
986,0.3105261278760253
987,0.5683570091697172
988,0.7452209610942465
989,0.9867954301121344
990,0.9795572103342779
991,0.1284928499114577
992,0.6281509881058793
993,0.24922978470085289
994,0.2020290034186235
995,0.7471759022675365
996,0.44185944847345937
997,0.936380623433137
998,0.16787421096030453
999,0.9230692439345436
1000,0.268203998283399
1001,0.3218639253231306
1002,0.30904274606117876
1003,0.43232005001727625
1004,0.6328814572430049
1005,0.3194834839315708
1006,0.4237151321360312
1007,0.3366554829656627
1008,0.12940805282161594
1009,0.9186297113473564
1010,0.8590875493380339
1011,0.5868516694923945
1012,0.17454560162858213
1013,0.6892254474406436
1014,0.03761329298976057
1015,0.4873928462593693
1016,0.7048938083214257
1017,0.6014938887187984
1018,0.6503321850198416
1019,0.9495681403676184
1020,0.4815944207416192
1021,0.4706256229339777
1022,0.8231129830326563
1023,0.3391697092875271
1024,0.09286930324091636
1025,0.18767021115849192
1026,0.9943548746414819
1027,0.8431587521729426
1028,0.5510660077780423
1029,0.3548557735731299
1030,0.9556016390828135
1031,0.9200296344928527
1032,0.6235332551084136
1033,0.3461267450204629
1034,0.6437165620339873
1035,0.9164080507893594
1036,0.8833250858265416
1037,0.8494352159135314
1038,0.7423420857577674
1039,0.42570103638159873
1040,0.4017323940475537
1041,0.20925639026054144
1042,0.47845218220135177
1043,0.27331424059912546
1044,0.9205287417734984
1045,0.48356510751794124
1046,0.9742869362557255
1047,0.8626985684062729
1048,0.5526607136749768
1049,0.6557362938987573
1050,0.03561587065101224
1051,0.7108808603001914
1052,0.2695625188118814
1053,0.7631689030194789
1054,0.027403089493814314
1055,0.2924428717615237
1056,0.15961017334533023
1057,0.4220430273859368
1058,0.9779642853854577
1059,0.24280984095058245
1060,0.20125572229095035
1061,0.24185840230967293
1062,0.2431122879271166
1063,0.8276482135023793
1064,0.07946398808488131
1065,0.69336952364286
1066,0.21269713240558008
1067,0.3718061286097467
1068,0.3670670481714249
1069,0.22903742534918803
1070,0.5089609482400239
1071,0.6873416694904918
1072,0.06856005335822202
1073,0.42133709611103265
1074,0.15582871341058557
1075,0.22392086526879051
1076,0.469179515737153
1077,0.1987054781368549
1078,0.04867957169735759
1079,0.6503459812115283
1080,0.4185208881549827
1081,0.22326133891404187
1082,0.9575055373335094
1083,0.9729427523491962
1084,0.6971418082954361
1085,0.5355130896294874
1086,0.007878866602135992
1087,0.8091232445342175
1088,0.9256169399602966
1089,0.06909687947130416
1090,0.6592322831710117
1091,0.532573645135035
1092,0.36899940371199147
1093,0.41497110079484245
1094,0.42517787975406274
1095,0.21690797133482442
1096,0.0937249293391964
1097,0.28070594078310673
1098,0.5088498839860172
1099,0.5914865485478361
1100,0.2085754353494529
1101,0.4717740589672791
1102,0.4827529817305164
1103,0.18764347183027674
1104,0.8953889898538171
1105,0.6306212152041166
1106,0.20931528379292974
1107,0.65120299969982
1108,0.27709474869580275
1109,0.07883699416776724
1110,0.8461326525252665
1111,0.124766826879669
1112,0.23274834758414087
1113,0.6580707058554347
1114,0.11954816156069537
1115,0.17111915970078517
1116,0.37904356159673924
1117,0.5777415907398632
1118,0.3413848161757669
1119,0.18443906936601218
1120,0.671765375827787
1121,0.09830577628718717
1122,0.3698511353016307
1123,0.9403779786753433
1124,0.35139144303030934
1125,0.32338270366114363
1126,0.9821299510344295
1127,0.5057808482531773
1128,0.7866962109178957
1129,0.2793222911989637
1130,0.3032490069005047
1131,0.9420570871001703
1132,0.4332829216394566
1133,0.3468267653473661
1134,0.21453069240721823
1135,0.6376674097000993
1136,0.28023893483496753
1137,0.37457595196626303
1138,0.7207683285161857
1139,0.5141043600202704
1140,0.5468376292453793
1141,0.7658703680590188
1142,0.09208484065219658
1143,0.3116131076176041
1144,0.13146097632224374
1145,0.5172850796319003
1146,0.9557124539937423
1147,0.2770832555109174
1148,0.17788858862757084
1149,0.21103556590311245
1150,0.09241233973496255
1151,0.5108059935159159
1152,0.9295323786334725
1153,0.32832889393386633
1154,0.42754190347214405
1155,0.3891538808656293
1156,0.8173190128415517
1157,0.9518620141292171
1158,0.7871779130245968
1159,0.5435983537822621
1160,0.7126981116710304
1161,0.4767635679938115
1162,0.5874092044630581
1163,0.6452152361267663
1164,0.12883441436682308
1165,0.06460526816884593
1166,0.6053127803251953
1167,0.3500686527607334
1168,0.5176798121436861
1169,0.04300208982080844
1170,0.9362118840080114
1171,0.7546413229469677
1172,0.3239977532764945
1173,0.7238728024359443
1174,0.10452036873887915
1175,0.7344935052339585
1176,0.027760543076548627
1177,0.10711314814159512
1178,0.7604030683654135
1179,0.3865666250859857
1180,0.539750134490884
1181,0.42739635301232637
1182,0.7208075748238973
1183,0.16329087567958678
1184,0.993315230847659
1185,0.9293046630043025
1186,0.4535024079844939
1187,0.8935081737308893
1188,0.600768406121199
1189,0.35971313221653844
1190,0.8754568648104968
1191,0.9783100492940231
1192,0.9441004744868564
1193,0.9494036862986983
1194,0.42467815202380044
1195,0.06384171301845354
1196,0.35466351693100107
1197,0.6354623381021449
1198,0.23610559976945522
1199,0.07790958823346184
1200,0.518056324947301
1201,0.25825599743878824
1202,0.4395582995298376
1203,0.5345788302133582
1204,0.9959667927043643
1205,0.07638430412408892
1206,0.47143980585827083
1207,0.8712108027949613
1208,0.7871695309797442
1209,0.06912277484763907
1210,0.8296937161794855
1211,0.3336469289134105
1212,0.3197210391376353
1213,0.5256310418141141
1214,0.5859651194734204
1215,0.9610346730961113
1216,0.4992921536541589
1217,0.22566356790388886
1218,0.8654054400041775
1219,0.21701282148094259
1220,0.5736432629139846
1221,0.8700635360590674
1222,0.670993135837126
1223,0.447006377751332
1224,0.370958456320741
1225,0.5367372261715705
1226,0.6241697525990666
1227,0.40230199561997126
1228,0.9104391671244724
1229,0.7814494415533014
1230,0.5486607270408134
1231,0.2731762127877808
1232,0.11203192714307897
1233,0.888775571486358
1234,0.4118313230064472
1235,0.9732164498742315
1236,0.03329471941071083
1237,0.8486207360228993
1238,0.39063424055712015
1239,0.6832557518038401
1240,0.9568287717694461
1241,0.04192878164320235
1242,0.21129353083614089
1243,0.5384392201718754
1244,0.40056124401298676
1245,0.6835319254425828
1246,0.5478488637228982
1247,0.4136810082729855
1248,0.7492826622116028
1249,0.5658612980170243
1250,0.9675024087234158
1251,0.17137688269361284
1252,0.7411661877593461
1253,0.9089018138034938
1254,0.8309226579223584
1255,0.36033961878366494
1256,0.0630192501214234
1257,0.4438057729321262
1258,0.33980739999396026
1259,0.5228336532386738
1260,0.8661832897281313
1261,0.8227079123495268
1262,0.9807422529310021
1263,0.42911970155737755
1264,0.747178348467872
1265,0.5843240694423572
1266,0.43885213786239297
1267,0.5812535749680716
1268,0.9737818590439103
1269,0.7113810294602722
1270,0.36451571664922067
1271,0.35914722066744964
1272,0.07578816097664398
1273,0.07353867446172702
1274,0.983354287530236
1275,0.34703422916721527
1276,0.9067145742341762
1277,0.7352694455251418
1278,0.31193153469401946
1279,0.04115319086299951
1280,0.04971740251562262
1281,0.025528505376084865
1282,0.5048827475053849
1283,0.996245062573218
1284,0.7672924818717266
1285,0.2600166450295702
1286,0.6183757839198512
1287,0.2566633266166374
1288,0.7435064059649193
1289,0.3020389498881991
1290,0.6268326206855523
1291,0.058927298705347075
1292,0.014685828179924476
1293,0.33331635562011863
1294,0.48092526365987187
1295,0.48093731511668236
1296,0.8137754177918902
1297,0.9735667874055836
1298,0.2939273523777727
1299,0.1480651886658918
1300,0.5358818881001033
1301,0.5723300381790627
1302,0.799091978355279
1303,0.36140094839999326
1304,0.237275403238717
1305,0.5435584747046377
1306,0.11342775541568628
1307,0.3294951208456216
1308,0.8322468260437924
1309,0.29118380059932314
1310,0.9492005929590795
1311,0.8759363718965675
1312,0.7551150239852406
1313,0.16413929948880313
1314,0.10514134270349651
1315,0.8236370206924752
1316,0.6299133327952985
1317,0.07828040577335948
1318,0.6382732870997995
1319,0.2530705861755652
1320,0.09092493018948489
1321,0.4626561870488912
1322,0.26432020107017484
1323,0.9470871783535519
1324,0.8336293504345961
1325,0.7786332708871564
1326,0.9420428480333577
1327,0.5103242237737607
1328,0.5807844311899931
1329,0.6703082249291953
1330,0.5045332289857061
1331,0.2735839228362913
1332,0.31634190896851055
1333,0.18513440474947696
1334,0.3833420077448292
1335,0.44423622521097383
1336,0.34101980860784387
1337,0.3169669867047933
1338,0.46027214468669686
1339,0.6055411408433592
1340,0.3820447336838415
1341,0.02043817894767508
1342,0.9386711281695189
1343,0.8925337760198668
1344,0.6921063094593726
1345,0.7531388474114565
1346,0.9693976342741415
1347,0.6298145672410125
1348,0.5155991388424069
1349,0.12635359407024727
1350,0.6369557888449459
1351,0.8244042158079784
1352,0.5093482154810696
1353,0.24319276906920717
1354,0.8289666303378045
1355,0.23357037116284696
1356,0.3684497972924965
1357,0.10128141687354097
1358,0.03251032848349178
1359,0.6639900248122771
1360,0.3342674530718065
1361,0.9066716214152429
1362,0.465615843503394
1363,0.11249841052205689
1364,0.7328048777473402
1365,0.9909981791937733
1366,0.4342267935804013
1367,0.07330600665098985
1368,0.21664393383052394
1369,0.9073282204932626
1370,0.9583604118197149
1371,0.01961804667121192
1372,0.08953789748204699
1373,0.4987743673973103
1374,0.9178521953448904
1375,0.9512444334428188
1376,0.5536622065191639
1377,0.17759831173744312
1378,0.2957429217191203
1379,0.8635369819219995
1380,0.18904385794781275
1381,0.13944799549560416
1382,0.3186677195876886
1383,0.9309228952972296
1384,0.893701391383176
1385,0.12622613313656583
1386,0.791635938932244
1387,0.7224237599334363
1388,0.49846882936174963
1389,0.0759580822638447
1390,0.6486109562519093
1391,0.04853599698640587
1392,0.385018014488383
1393,0.8504163434234846
1394,0.8245278374026545
1395,0.3489725319584692
1396,0.8466679843029961
1397,0.29655605807190166
1398,0.24374854712381822
1399,0.45862016601123823
1400,0.8365008587263582
1401,0.01907462889120315
1402,0.6084416788385971
1403,0.012140532690526507
1404,0.18582716265989185
1405,0.6605567932774314
1406,0.42134356597163447
1407,0.9661290319297718
1408,0.785734585619012
1409,0.6213808614232599
1410,0.3444273335162835
1411,0.7584824749076676
1412,0.5637410865636189
1413,0.9806431084136634
1414,0.9104362691873714
1415,0.574568386235339
1416,0.27372868139766104
1417,0.25642268385060696
1418,0.8333034345654116
1419,0.3343519000468387
1420,0.4377533485805478
1421,0.41841794205616056
1422,0.4232856007429546
1423,0.2532621883832512
1424,0.12860162715705692
1425,0.7089709554509745
1426,0.11100281985562399
1427,0.5742474314527636
1428,0.3620644277235463
1429,0.7223824012479773
1430,0.6613723028191523
1431,0.0019816627429193323
1432,0.3917306557477712
1433,0.8437450491712669
1434,0.46598098470746785
1435,0.7992059037756865
1436,0.636191357121706
1437,0.9070850924430082
1438,0.7642191289552495
1439,0.6816583418815442
1440,0.823002369316894
1441,0.5324825358915459
1442,0.8506512698797388
1443,0.33526045466217413
1444,0.6173628233442635
1445,0.3155289401631438
1446,0.5916088551372598
1447,0.677451190267608
1448,0.02050978832502315
1449,0.949891385946604
1450,0.4044592294218392
1451,0.7063307123805879
1452,0.1272524164794736
1453,0.8505642072062669
1454,0.8454741676352739
1455,0.17120866532810863
1456,0.4549083376368296
1457,0.22812681897011422
1458,0.7040302580873935
1459,0.552298746490401
1460,0.6899319327728317
1461,0.7700305574018698
1462,0.3561997884410525
1463,0.5118300364645668
1464,0.9523122249137514
1465,0.061967300517998924
1466,0.3439843205777424
1467,0.2186603667419591
1468,0.07576513068102586
1469,0.954512189351704
1470,0.6541545765112649
1471,0.7625313204574212
1472,0.8762973257507076
1473,0.15238012886417296
1474,0.11955944550331477
1475,0.8329360710168784
1476,0.29215546783409296
1477,0.6694334858310188
1478,0.8422625210918607
1479,0.7410113696568753
1480,0.38284879056909615
1481,0.44164782704575556
1482,0.7200158652210111
1483,0.32369550938789005
1484,0.5411476190667585
1485,0.42548096788098255
1486,0.4327122557745171
1487,0.8352596363746788
1488,0.7704987744720095
1489,0.7700655140161187
1490,0.9750712134339727
1491,0.909632706823316
1492,0.29662792682024464
1493,0.26246995493610814
1494,0.7804050706132918
1495,0.8091577842554095
1496,0.3672243312686829
1497,0.5840877756212562
1498,0.36474829116330587
1499,0.9073881255949618
1500,0.47023317496523565
1501,0.33362481175772973
1502,0.08800069223083984
1503,0.840158080209729
1504,0.16664392900293112
1505,0.27726153544671195
1506,0.2767129047319681
1507,0.9058069159892819
1508,0.8573840989020827
1509,0.9705426749246826
1510,0.6685457346525575
1511,0.6684935325640308
1512,0.18374747472791664
1513,0.8842635426227218
1514,0.620647432380797
1515,0.040098259106191136
1516,0.17012880890106674
1517,0.20138364705097278
1518,0.5305541327524642
1519,0.43486368431748235
1520,0.861527111480025
1521,0.5676440272372048
1522,0.8853188960032735
1523,0.9453708248814718
1524,0.2410483181838582
1525,0.24146490842637358
1526,0.7468541832412121
1527,0.32033817239197393
1528,0.05494702701136256
1529,0.2090492603802261
1530,0.8423297724352127
1531,0.30791894067483205
1532,0.7920280143243597
1533,0.5117157626867143
1534,0.3415302839617673
1535,0.9485427210338081
1536,0.3659157910665316
1537,0.07898959644800307
1538,0.3019078887878389
1539,0.8337566443339264
1540,0.38300229067007274
1541,0.7062344339930317
1542,0.7367922442558387
1543,0.5976366122604652
1544,0.4272318652059427
1545,0.11539626689069404
1546,0.27125301739440233
1547,0.42549158731487613
1548,0.819865170691835
1549,0.34608929860224724
1550,0.5836406921461539
1551,0.56777486822863
1552,0.44327479102789613
1553,0.621094836252019
1554,0.2164897318342751
1555,0.40679429117296173
1556,0.5709116351972437
1557,0.1969698540999676
1558,0.019151118313938675
1559,0.7807935694968468
1560,0.7110598531602228
1561,0.6672514052286571
1562,0.5956540841586258
1563,0.1837475875306871
1564,0.31867187770593963
1565,0.9933997119051942
1566,0.9863705696642405
1567,0.8410937218729466
1568,0.34941968791289213
1569,0.7154264469445063
1570,0.04566735053496085
1571,0.13112402120636335
1572,0.5187291683154254
1573,0.5337851593544252
1574,0.47925604393130194
1575,0.6775688196214438
1576,0.9876850089816024
1577,0.736980246193486
1578,0.741421003691248
1579,0.46715736800188623
1580,0.6762115864841417
1581,0.8931517656677213
1582,0.015054787656665347
1583,0.03464658544849253
1584,0.5089425338932064
1585,0.01278647871050509
1586,0.00759199943890998
1587,0.6270147893541742
1588,0.5138598630520121
1589,0.44480765521568855
1590,0.4176214916253915
1591,0.4282122881250461
1592,0.8359150767951721
1593,0.5911219408317823
1594,0.9818422773017084
1595,0.8078348563877061
1596,0.04869756727270669
1597,0.7218715477613322
1598,0.5731645706933848
1599,0.6953261089414543
1600,0.13987324186042815
1601,0.056050346948786633
1602,0.22241131458262053
1603,0.3237327745683558
1604,0.030780080479165695
1605,0.48728322476942876
1606,0.38704715146469293
1607,0.2401955802403385
1608,0.4080612253709267
1609,0.7746835193361502
1610,0.16888704489064843
1611,0.6822731784066125
1612,0.1750715272092217
1613,0.9621069006544839
1614,0.09771824964105824
1615,0.5781129673307174
1616,0.044290015100578284
1617,0.041064303745894315
1618,0.8674739314028308
1619,0.7381715652006597
1620,0.22657252581554332
1621,0.2643177764563621
1622,0.8701651983163309
1623,0.5473084946118209
1624,0.11437552708284726
1625,0.4929086492911746
1626,0.12630648468439298
1627,0.3097150447227074
1628,0.049121793413278825
1629,0.4188734682975812
1630,0.7985308743520837
1631,0.2734024437570528
1632,0.9336058152854538
1633,0.5289767226856548
1634,0.1981075645093311
1635,0.6727814970897649
1636,0.6526659364123809
1637,0.8183416632029623
1638,0.9341011853740196
1639,0.9575982855023977
1640,0.36785447965740736
1641,0.6892435321982888
1642,0.40813650590828654
1643,0.31088589629610697
1644,0.009640324390295496
1645,0.44374549155776744
1646,0.5991227089076672
1647,0.19286873891038614
1648,0.10712808436350907
1649,0.05078421077093498
1650,0.6236973902357543
1651,0.5831088009391067
1652,0.2258003062833811
1653,0.08157218338885774
1654,0.3363582903059814
1655,0.5192620762444237
1656,0.5145641318645068
1657,0.8947614155007028
1658,0.9525423025447813
1659,0.35118165743075136
1660,0.10764969070553365
1661,0.35082326614969916
1662,0.7025242438270649
1663,0.6388096459196061
1664,0.046519564276036096
1665,0.09167636170544624
1666,0.2668832562411134
1667,0.7372086183136889
1668,0.5523059459712
1669,0.0014844413895132025
1670,0.9041807083059271
1671,0.09821051051752061
1672,0.8066656254144857
1673,0.8871760310416359
1674,0.929675542656573
1675,0.5529803457011493
1676,0.9896432094970661
1677,0.2178586435573474
1678,0.9362669990568129
1679,0.46006946883247657
1680,0.1011339947332589
1681,0.5396975622179524
1682,0.7636194780943085
1683,0.9260978375146369
1684,0.4391181526738942
1685,0.4780127833946016
1686,0.3061857305118667
1687,0.8923499436716087
1688,0.5332799620897093
1689,0.5961122012346368
1690,0.8960327194323984
1691,0.7293955494611734
1692,0.39935814185689855
1693,0.37159041031015305
1694,0.2846392593305257
1695,0.20613241653479797
1696,0.7405977343569495
1697,0.46105596358676326
1698,0.23081761062488204
1699,0.3454816634738739
1700,0.6705589938102728
1701,0.27073867415909136
1702,0.7297912280700867
1703,0.07036051348091188
1704,0.46713579968854146
1705,0.29882299867109796
1706,0.8508275298393595
1707,0.05819870071704347
1708,0.09657463441734215
1709,0.13190641528204117
1710,0.7256192399394774
1711,0.4590004577267268
1712,0.6694901410856787
1713,0.15302181754401045
1714,0.485389992066108
1715,0.6143621843319476
1716,0.9909539886691605
1717,0.23554553870614836
1718,0.29261045698325316
1719,0.3885439018883583
1720,0.18516380569933033
1721,0.17802246740384242
1722,0.5371676689034859
1723,0.6053059255119582
1724,0.8648808057437812
1725,0.22161943420862984
1726,0.31805383443515733
1727,0.9069955317653794
1728,0.8029607664620254
1729,0.5563310817396977
1730,0.9968619367872945
1731,0.5572233894108991
1732,0.6992001884959461
1733,0.8487551987293955
1734,0.08763730402114234
1735,0.9951376712536504
1736,0.654546899498041
1737,0.028687757209171272
1738,0.14601288438993265
1739,0.39618945790010385
1740,0.07154630108722793
1741,0.7747868840585113
1742,0.23030744045452378
1743,0.817447805085363
1744,0.6869115650457676
1745,0.08641747533105781
1746,0.9331955191253212
1747,0.8586379964428912
1748,0.9767152271283371
1749,0.5523283195583044
1750,0.6179310386162782
1751,0.3030005534309761
1752,0.06649559117082404
1753,0.6140163426051252
1754,0.33525128500875
1755,0.5621643874069294
1756,0.4109792473900875
1757,0.27978229203031735
1758,0.9211064340298116
1759,0.8196710295402465
1760,0.907715089665875
1761,0.9421723028752855
1762,0.7107146236526809
1763,0.1755335992860605
1764,0.13163954817544798
1765,0.13866019051462264
1766,0.4083989019729969
1767,0.6696067592498463
1768,0.8922569621341688
1769,0.0607585919658743
1770,0.5206117023696362
1771,0.928232324079559
1772,0.8888881676358726
1773,0.06631939364079065
1774,0.22216857017058866
1775,0.24373973172798402
1776,0.8159430785731522
1777,0.031056658048495667
1778,0.2948987775716191
1779,0.3077979427883347
1780,0.1786414720755819
1781,0.3428474507565853
1782,0.5549017883427108
1783,0.8266380951020501
1784,0.9327876354804002
1785,0.12150625715272145
1786,0.77138513661362
1787,0.7157723798810565
1788,0.7385645786557904
1789,0.32444124576639877
1790,0.3517270243103229
1791,0.9831388625871024
1792,0.2669609036893237
1793,0.46341338711055846
1794,0.5208774059602591
1795,0.6845403416294977
1796,0.130667293669266
1797,0.12663486375372102
1798,0.796231893408869
1799,0.8025382097680551
1800,0.5003701544529456
1801,0.688176945442002
1802,0.2683876494503368
1803,0.12905268374512835
1804,0.8637366766872159
1805,0.9241124420006476
1806,0.12895474350868963
1807,0.15682482569761746
1808,0.41088505764729466
1809,0.2341962701057564
1810,0.47661483250422565
1811,0.25846281326208
1812,0.16530835558552304
1813,0.40006623085788695
1814,0.008083457635815638
1815,0.6172243761357707
1816,0.4517239669166896
1817,0.3209931551962243
1818,0.587075033919453
1819,0.8264783374084079
1820,0.3800552277999244
1821,0.5085581017091374
1822,0.1867568693400804
1823,0.8867926352746813
1824,0.6912540046502575
1825,0.9886986772272042
1826,0.4909669392734377
1827,0.5615376330074485
1828,0.5200595083994111
1829,0.00020517166367572948
1830,0.4405790597884238
1831,0.4994401038849777
1832,0.9081024748325235
1833,0.3207082087630043
1834,0.9665133992804299
1835,0.789883718941902
1836,0.9008537871652283
1837,0.3037034858897434
1838,0.4335903201145096
1839,0.2556690748834579
1840,0.5019283955577467
1841,0.035676668193546535
1842,0.01677446039478514
1843,0.8312931125151255
1844,0.04590958964768577
1845,0.5715540376787209
1846,0.21516018824060745
1847,0.5858399228096368
1848,0.11364635014730662
1849,0.8525547800956768
1850,0.636702428083396
1851,0.6112576414604098
1852,0.15790597642834958
1853,0.1291551335344171
1854,0.4878730907796617
1855,0.05215765432840658
1856,0.6138819850454692
1857,0.10587488051538152
1858,0.34466945295314755
1859,0.5653508955424386
1860,0.6126563584452936
1861,0.11902653132157193
1862,0.7615288128762403
1863,0.55012460992262
1864,0.7612177734176642
1865,0.07532496131492694
1866,0.15055916148875748
1867,0.8440559530166727
1868,0.3730279518540651
1869,0.9768822839639403
1870,0.016851385599749302
1871,0.064071143798622
1872,0.7713655882425062
1873,0.8524874910630129
1874,0.14211009619334214
1875,0.27411889707860615
1876,0.8278638620850759
1877,0.36880149019326713
1878,0.8272710709066943
1879,0.2683840437510596
1880,0.6878700997264976
1881,0.16517454048129976
1882,0.2670928053940387
1883,0.8260869659201884
1884,0.6179844398018957
1885,0.0006571930802795611
1886,0.37283999320928385
1887,0.5757454302883926
1888,0.46043113886772746
1889,0.13144517401769884
1890,0.5998810078649778
1891,0.6459995057968575
1892,0.568861921651948
1893,0.4408853967254759
1894,0.34601335708497594
1895,0.5105141409054768
1896,0.17846771732840327
1897,0.4489682252594501
1898,0.8176376640108414
1899,0.07441360522099838
1900,0.1692992723821375
1901,0.6301091219486878
1902,0.8123101823228321
1903,0.22790030778963655
1904,0.5579219427763146
1905,0.8083153834870539
1906,0.6651553189888701
1907,0.5930787725375701
1908,0.4383083465825681
1909,0.4826622413033379
1910,0.7474342663461535
1911,0.4564976009501188
1912,0.022541465952733097
1913,0.1566617972924248
1914,0.5873783938521518
1915,0.21863869672164882
1916,0.9277198502032604
1917,0.31118618148688015
1918,0.7094204888620885
1919,0.9195905150369238
1920,0.0487129297373351
1921,0.9065441165463354
1922,0.36492529705157606
1923,0.19435629352077555
1924,0.969153123341607
1925,0.38296205119179993
1926,0.6397890514172249
1927,0.58031116288887
1928,0.026959539064002058
1929,0.7521817682084592
1930,0.6305336568655042
1931,0.7309648550371944
1932,0.0011927184450823969
1933,0.5895634161233915
1934,0.0905506827421717
1935,0.7351639422338344
1936,0.6364858830808328
1937,0.9388967665110763
1938,0.7809570233014732
1939,0.9375367106264367
1940,0.2789554978881412
1941,0.7888809330618719
1942,0.450194484122709
1943,0.2147365254822048
1944,0.4410264960524338
1945,0.3009234554276019
1946,0.6169891318301224
1947,0.08543053647748511
1948,0.03900645683600901
1949,0.6228392057056438
1950,0.2065546738721089
1951,0.10841999962266524
1952,0.18783294308959186
1953,0.8991292855613084
1954,0.7638739935474891
1955,0.7276344218348473
1956,0.9004380725148662
1957,0.8609650541984518
1958,0.08319176700257047
1959,0.2727160539124335
1960,0.37210104821323087
1961,0.8127942339530486
1962,0.5906965999329241
1963,0.14863526100532864
1964,0.5712851324044695
1965,0.13172760781330228
1966,0.7717528917554461
1967,0.6465960982383125
1968,0.8148540637823062
1969,0.09429825129153646
1970,0.6074558572956889
1971,0.8656645057489977
1972,0.09420786184154839
1973,0.4256231108910963
1974,0.9947813560072981
1975,0.4953553538935236
1976,0.871884719199613
1977,0.2255490424940143
1978,0.7573216842685145
1979,0.8508606717016683
1980,0.15798875120770406
1981,0.7562373096646103
1982,0.7327737226427051
1983,0.2524995429654081
1984,0.2831709669120852
1985,0.3766095461621326
1986,0.2900695490026266
1987,0.2500783728522621
1988,0.4817326905362732
1989,0.2309420989019645
1990,0.9151827340673638
1991,0.8063988199915181
1992,0.22067654852048268
1993,0.40756342416297453
1994,0.1671074525114049
1995,0.10105805415560931
1996,0.47597611064012035
1997,0.10701594252893099
1998,0.7880452428923163
1999,0.949460064713969
2000,0.5831895556629194
2001,0.4509654967616499
2002,0.8300468008632723
2003,0.9633279532941906
2004,0.7071736091244096
2005,0.6486778849296025
2006,0.03314472437739435
2007,0.21896780244343916
2008,0.9953332268267011
2009,0.8579514335078114
2010,0.515186035199788
2011,0.7715736637994751
2012,0.4871362307668039
2013,0.08555727916776434
2014,0.19274986325921728
2015,0.9312611911242512
2016,0.16940152937303798
2017,0.3840384203102357
2018,0.6237359432617151
2019,0.5272585241449032
2020,0.22799347657708657
2021,0.5176871520200407
2022,0.4617910632268025
2023,0.47776058829288626
2024,0.012878198027774568
2025,0.6509162979674126
2026,0.03899296262028085
2027,0.01965279224557237
2028,0.3987007131788167
2029,0.6790981709340689
2030,0.6041020365993117
2031,0.30415376876704436
2032,0.539055318361968
2033,0.18294774828297855
2034,0.12788046312356938
2035,0.5184699906441597
2036,0.36675675073117286
2037,0.022163243424629275
2038,0.12336613096866056
2039,0.060819631717206724
2040,0.6175993167430749
2041,0.18366799797562938
2042,0.8039436091711529
2043,0.09782489903465941
2044,0.7407373035631417
2045,0.6892442780296781
2046,0.9685730681618344
2047,0.22923402308182983
2048,0.6342973524810758
2049,0.10355226901444403
2050,0.8164939318332385
2051,0.4412267139192847
2052,0.6788532043119658
2053,0.07760851984749129
2054,0.7796179994349937
2055,0.5087785863031811
2056,0.29295759275350075
2057,0.06717951471733419
2058,0.5000968217410715
2059,0.2921198666097332
2060,0.28416471339854377
2061,0.995583952509429
2062,0.11199801618988725
2063,0.6298421771480188
2064,0.5240839988378921
2065,0.14569521340675418
2066,0.9977002119244922
2067,0.5582799804981868
2068,0.6433462000327151
2069,0.2661696666990042
2070,0.5557005088499347
2071,0.49137454863202734
2072,0.915474455392376
2073,0.8104352506927671
2074,0.1456178798712654
2075,0.9061007284316049
2076,0.9767212249763382
2077,0.49038150621300125
2078,0.5328165998925845
2079,0.9304965497850748
2080,0.7155008538350233
2081,0.7710836766898708
2082,0.38294041520694355
2083,0.04821013037975097
2084,0.27904765901917394
2085,0.24410243265275422
2086,0.40781705711767935
2087,0.02519648024992538
2088,0.03705656295967441
2089,0.9810566388755614
2090,0.864345315869956
2091,0.8697414495744367
2092,0.06666234671211191
2093,0.6227198147250772
2094,0.9415906535039331
2095,0.20832530121364023
2096,0.44021386573696364
2097,0.14576831539633273
2098,0.1776725101738299
2099,0.1391448444329998
2100,0.6522205533303481
2101,0.6660136624952558
2102,0.2742965924280908
2103,0.06785594346388402
2104,0.10541520190014686
2105,0.8818230268797036
2106,0.7655641124855215
2107,0.6182243512519584
2108,0.3874309949659056
2109,0.6773466355410376
2110,0.9103748511964215
2111,0.15532773228600383
2112,0.3109796037690218
2113,0.9492167243851555
2114,0.40175296410465844
2115,0.20448121864870428
2116,0.6850140422506771
2117,0.5254361550012681
2118,0.20272386641878848
2119,0.8896860315073315
2120,0.9292352092703803
2121,0.26779655696315496
2122,0.09202288188429797
2123,0.15086538426503293
2124,0.09951435284966348
2125,0.8111256659550852
2126,0.9354457607878929
2127,0.533318074820621
2128,0.18405670497053261
2129,0.5894490581666656
2130,0.6568177597035965
2131,0.9585054146922892
2132,0.02252518515631141
2133,0.2638409875686204
2134,0.3060179446008614
2135,0.46552271763145436
2136,0.005974701550498729
2137,0.6979931097749298
2138,0.15821053933536489
2139,0.35811143011227387
2140,0.37469610657231756
2141,0.4811983714059933
2142,0.84743567535732
2143,0.2484848798049727
2144,0.9806491822736072
2145,0.2042609326928675
2146,0.7249329054377354
2147,0.7591911243985653
2148,0.07996037113273469
2149,0.7494305825975296
2150,0.43092175519019527
2151,0.4979747720619211
2152,0.47086808170176886
2153,0.5294081823906284
2154,0.3440108387975995
2155,0.7895463953227507
2156,0.12700582852106035
2157,0.9792672001787069
2158,0.4826868412290082
2159,0.8843826568287013
2160,0.3366649455370089
2161,0.16840342900457628
2162,0.7760654416119805
2163,0.3219696973235179
2164,0.9740744236052393
2165,0.3506349283754321
2166,0.5670028673755979
2167,0.4132537102316355
2168,0.4818807419446369
2169,0.5332715563149514
2170,0.6248832381488905
2171,0.4048906308417428
2172,0.8938588228994816
2173,0.6520373656031416
2174,0.33863692946375334
2175,0.45247737053091097
2176,0.37765554038722016
2177,0.5818078226192194
2178,0.5909225910677305
2179,0.604098269606587
2180,0.8478037570866135
2181,0.4163518273356479
2182,0.4313293672153754
2183,0.2311726216321991
2184,0.40192998885004694
2185,0.6495489301189694
2186,0.11851793272250499
2187,0.5838419501189371
2188,0.8878869976689734
2189,0.7804948744963853
2190,0.8562760629906784
2191,0.11243348442565948
2192,0.2966798523669336
2193,0.648691187449239
2194,0.12527753867184277
2195,0.07796337946409049
2196,0.27957125599327615
2197,0.8311196192574372
2198,0.8417968183174214
2199,0.17152721873893662
2200,0.3825884497387778
2201,0.8394357508910757
2202,0.3839719317708634
2203,0.750329627524167
2204,0.5425508052874408
2205,0.9485236912047634
2206,0.0019657499083108876
2207,0.5064707128075042
2208,0.9462734187405916
2209,0.6338155992868717
2210,0.4209076985209673
2211,0.3398657723439191
2212,0.5741559559808951
2213,0.22437914249255486
2214,0.38467301862497694
2215,0.5752799702290973
2216,0.6096318882566689
2217,0.20570032998617982
2218,0.0173046150599111
2219,0.7780674074090009
2220,0.47631738726771067
2221,0.2635867182560624
2222,0.33672515109018153
2223,0.04852630455367035
2224,0.13803325553724544
2225,0.02586378554530744
2226,0.2560918954884518
2227,0.6919049216809858
2228,0.3500522594899663
2229,0.08547515570568998
2230,0.08838353516287256
2231,0.8546206537241327
2232,0.38540792858951967
2233,0.46667752875080293
2234,0.5026803920002608
2235,0.07245765014764738
2236,0.9609757453890456
2237,0.13254681147988967
2238,0.1732245984338101
2239,0.6530443288665309
2240,0.28094946955438116
2241,0.04648898141837188
2242,0.9711614235387702
2243,0.023843021962433597
2244,0.2897804694268731
2245,0.8449690465911829
2246,0.6419357784366828
2247,0.36353983905417275
2248,0.07954407717251777
2249,0.1874974219986616
2250,0.47021514822007315
2251,0.568566860516267
2252,0.6242586398790797
2253,0.6248533084864066
2254,0.9518046957842157
2255,0.9173840924333736
2256,0.4300468816330688
2257,0.48521461616955985
2258,0.32941167602800003
2259,0.6842742520826397
2260,0.34336474946556694
2261,0.7138823317274823
2262,0.15489693621706224
2263,0.38707692087640255
2264,0.35811090930659806
2265,0.39350954914171665
2266,0.1825466351934013
2267,0.9143833605193287
2268,0.6549033225199887
2269,0.9077939323077704
2270,0.16828423867200903
2271,0.8933336229355902
2272,0.6326454606510549
2273,0.08279642274797527
2274,0.337684367520966
2275,0.36479061948717784
2276,0.7651359178624821
2277,0.3418524831359563
2278,0.9055908307869031
2279,0.6912735361791089
2280,0.012812804633075658
2281,0.10529848422951316
2282,0.0004261991285792188
2283,0.8730366275292325
2284,0.3033685847438473
2285,0.39012290680668593
2286,0.688136996918749
2287,0.11609188515845836
2288,0.07534254891595249
2289,0.4651320564564999
2290,0.6402167380889561
2291,0.42804810500925294
2292,0.873449813522994
2293,0.8676084059013236
2294,0.37357478370912256
2295,0.875808075338257
2296,0.7527117361305523
2297,0.5695106290694951
2298,0.3358024512535276
2299,0.5328308339198689
2300,0.45846040557223555
2301,0.695207510587921
2302,0.3577744225567131
2303,0.8905156275683254
2304,0.040135232311051317
2305,0.7243437796252598
2306,0.13864277535233627
2307,0.4907943977775816
2308,0.8691855354560882
2309,0.022505454016691906
2310,0.7999390268492559
2311,0.8926741978478885
2312,0.1707422234212127
2313,0.03455342074857892
2314,0.3130211289366198
2315,0.5493268948789597
2316,0.4665572799712927
2317,0.20396466976916383
2318,0.015682498134727663
2319,0.46831474226171654
2320,0.3795103105541394
2321,0.7112450481766817
2322,0.9111897251829294
2323,0.13774055546288466
2324,0.898691411895422
2325,0.5666877018902324
2326,0.28663065792807596
2327,0.5781507836366881
2328,0.4390416499882117
2329,0.3211897183609712
2330,0.17584408999179213
2331,0.07102784744179946
2332,0.380511889260311
2333,0.9872754969680426
2334,0.10576761934418122
2335,0.9387958760785685
2336,0.15011447046229343
2337,0.9135472702367904
2338,0.636270410116801
2339,0.9801291615817359
2340,0.8090044491909159
2341,0.4878870516960414
2342,0.9619508356802051
2343,0.17064676578728677
2344,0.20931435857544234
2345,0.6805492780584351
2346,0.2825864936958298
2347,0.301292748109137
2348,0.16114473467171397
2349,0.9738785281443045
2350,0.1770692525735752
2351,0.7317514318444954
2352,0.022833087767903826
2353,0.19030738754847631
2354,0.32562465318782385
2355,0.2858614152369513
2356,0.15258157124396454
2357,0.6438434385347582
2358,0.1740072723265076
2359,0.5591296190653917
2360,0.617037104276642
2361,0.2610614882906368
2362,0.655737249508035
2363,0.06745438155392736
2364,0.7191616466356674
2365,0.552605623359783
2366,0.6351743278166914
2367,0.1854950552255895
2368,0.7998119294194853
2369,0.4947251882066144
2370,0.9875640865915308
2371,0.6785707703712808
2372,0.5492935973178646
2373,0.029845021618176815
2374,0.41554166184748575
2375,0.2187076603896746
2376,0.8877621787390702
2377,0.7299731683531855
2378,0.929163477801306
2379,0.17809138092446553
2380,0.8281846186522693
2381,0.3698730058208167
2382,0.07535552213995522
2383,0.3269117308167213
2384,0.4996178428051694
2385,0.5638340159190203
2386,0.2717764639394208
2387,0.6356482093598728
2388,0.974279167446676
2389,0.9196329026241362
2390,0.7143051256514349
2391,0.21088662168016803
2392,0.8861653356180331
2393,0.7961561494343521
2394,0.47160824902342136
2395,0.9627101465961587
2396,0.14145761437757942
2397,0.07420282815601376
2398,0.2866409628303336
2399,0.5373083627008862
2400,0.9998877109824351
2401,0.48650678605370823
2402,0.9737323055725523
2403,0.852118899075843
2404,0.07270231022578177
2405,0.2200290608722011
2406,0.3997337797402015
2407,0.12804441832132973
2408,0.8519538201793554
2409,0.41560011501793936
2410,0.9814221775324405
2411,0.5061565513321882
2412,0.7214544125407459
2413,0.18588432243647612
2414,0.09337585677391913
2415,0.9305862486361615
2416,0.1792622168718614
2417,0.7869521052137575
2418,0.8622142387193242
2419,0.7656113964376373
2420,0.597918236551698
2421,0.5654144078777672
2422,0.216167355839466
2423,0.49520467769773724
2424,0.19915299669667708
2425,0.3667694096647952
2426,0.3972138858497486
2427,0.6366166103184762
2428,0.37768741448337706
2429,0.6792988894160601
2430,0.6367326171179878
2431,0.4410451029347049
2432,0.24358845101472715
2433,0.3088168428148722
2434,0.783018309869513
2435,0.21401182989838474
2436,0.9012660365550872
2437,0.07275212123749386
2438,0.4997901007453286
2439,0.47781877344258905
2440,0.25539853786255307
2441,0.5412366506472799
2442,0.8779961435926048
